"HITId","HITTypeId","Title","Description","Keywords","Reward","CreationTime","MaxAssignments","RequesterAnnotation","AssignmentDurationInSeconds","AutoApprovalDelayInSeconds","Expiration","NumberOfSimilarHITs","LifetimeInSeconds","AssignmentId","WorkerId","AssignmentStatus","AcceptTime","SubmitTime","AutoApprovalTime","ApprovalTime","RejectionTime","RequesterFeedback","WorkTimeInSeconds","LifetimeApprovalRate","Last30DaysApprovalRate","Last7DaysApprovalRate","Answer.surveycode","Approve","Reject"
"34HEO7RUHFFLKMXFL958P0V5Y6HARX","3LE8W42VVGM7V7Z9P28NCY9UI59HH9","Answer a survey about your opinions","Give us your opinion about our products","survey, demographics","$0.10","Thu Nov 11 15:22:23 PST 2021","102","BatchId:4600840;OriginalHitTemplateId:920937340;","3600","86400","Sat Nov 13 15:22:23 PST 2021","","","3018Q3ZVOSBO66V9BBAAEKRTUHURAS","A3NXP1GPRJIZ0A","Approved","Thu Nov 11 16:26:12 PST 2021","Thu Nov 11 16:29:08 PST 2021","Fri Nov 12 16:29:08 PST 2021","Thu Nov 11 21:01:59 PST 2021","","","176","100% (1/1)","100% (1/1)","100% (1/1)","SM-66003-CC"
"34HEO7RUHFFLKMXFL958P0V5Y6HARX","3LE8W42VVGM7V7Z9P28NCY9UI59HH9","Answer a survey about your opinions","Give us your opinion about our products","survey, demographics","$0.10","Thu Nov 11 15:22:23 PST 2021","102","BatchId:4600840;OriginalHitTemplateId:920937340;","3600","86400","Sat Nov 13 15:22:23 PST 2021","","","30JNVC0ORJ534SON42V2QG4SBQBQHU","A1ESAZCY1GA1T5","Approved","Thu Nov 11 15:26:20 PST 2021","Thu Nov 11 15:30:13 PST 2021","Fri Nov 12 15:30:13 PST 2021","Thu Nov 11 21:01:50 PST 2021","","","233","100% (1/1)","100% (1/1)","100% (1/1)","SM-59151-CC"
"34HEO7RUHFFLKMXFL958P0V5Y6HARX","3LE8W42VVGM7V7Z9P28NCY9UI59HH9","Answer a survey about your opinions","Give us your opinion about our products","survey, demographics","$0.10","Thu Nov 11 15:22:23 PST 2021","102","BatchId:4600840;OriginalHitTemplateId:920937340;","3600","86400","Sat Nov 13 15:22:23 PST 2021","","","30MVJZJNHWYT3Z2RB0N1GYUIEIBJ96","A3VU0CJ24OLFJM","Approved","Thu Nov 11 15:26:51 PST 2021","Thu Nov 11 15:45:41 PST 2021","Fri Nov 12 15:45:41 PST 2021","Thu Nov 11 21:02:00 PST 2021","","","1130","100% (1/1)","100% (1/1)","100% (1/1)","SM-83230-CC"
"34HEO7RUHFFLKMXFL958P0V5Y6HARX","3LE8W42VVGM7V7Z9P28NCY9UI59HH9","Answer a survey about your opinions","Give us your opinion about our products","survey, demographics","$0.10","Thu Nov 11 15:22:23 PST 2021","102","BatchId:4600840;OriginalHitTemplateId:920937340;","3600","86400","Sat Nov 13 15:22:23 PST 2021","","","30MVJZJNHWYT3Z2RB0N1GYUIEIJJ9E","A34ESZR5CZQJ3J","Approved","Thu Nov 11 16:34:54 PST 2021","Thu Nov 11 16:38:06 PST 2021","Fri Nov 12 16:38:06 PST 2021","Thu Nov 11 21:01:56 PST 2021","","","192","100% (1/1)","100% (1/1)","100% (1/1)","SM-82073-CC"
"34HEO7RUHFFLKMXFL958P0V5Y6HARX","3LE8W42VVGM7V7Z9P28NCY9UI59HH9","Answer a survey about your opinions","Give us your opinion about our products","survey, demographics","$0.10","Thu Nov 11 15:22:23 PST 2021","102","BatchId:4600840;OriginalHitTemplateId:920937340;","3600","86400","Sat Nov 13 15:22:23 PST 2021","","","32AT8R96GVUKMU9KW5R64V8JNMYSUM","AFEAPID5IIFGU","Approved","Thu Nov 11 15:25:29 PST 2021","Thu Nov 11 15:28:10 PST 2021","Fri Nov 12 15:28:10 PST 2021","Thu Nov 11 21:02:02 PST 2021","","","161","100% (1/1)","100% (1/1)","100% (1/1)","completed"
"34HEO7RUHFFLKMXFL958P0V5Y6HARX","3LE8W42VVGM7V7Z9P28NCY9UI59HH9","Answer a survey about your opinions","Give us your opinion about our products","survey, demographics","$0.10","Thu Nov 11 15:22:23 PST 2021","102","BatchId:4600840;OriginalHitTemplateId:920937340;","3600","86400","Sat Nov 13 15:22:23 PST 2021","","","32M8BPYGA37CNY5T7O8BWE155GOGIP","A23OYCEDLNBZAW","Approved","Thu Nov 11 16:25:09 PST 2021","Thu Nov 11 16:46:02 PST 2021","Fri Nov 12 16:46:02 PST 2021","Thu Nov 11 21:01:52 PST 2021","","","1253","100% (1/1)","100% (1/1)","100% (1/1)","SM-65072-CC"
"34HEO7RUHFFLKMXFL958P0V5Y6HARX","3LE8W42VVGM7V7Z9P28NCY9UI59HH9","Answer a survey about your opinions","Give us your opinion about our products","survey, demographics","$0.10","Thu Nov 11 15:22:23 PST 2021","102","BatchId:4600840;OriginalHitTemplateId:920937340;","3600","86400","Sat Nov 13 15:22:23 PST 2021","","","3300DTYQTC2RKIXLE1NW5D7FJAJQEE","A3MPNQRTI0W9J4","Approved","Thu Nov 11 15:26:15 PST 2021","Thu Nov 11 15:27:09 PST 2021","Fri Nov 12 15:27:09 PST 2021","Thu Nov 11 21:01:59 PST 2021","","","54","100% (1/1)","100% (1/1)","100% (1/1)","SM-70286-CC"
"34HEO7RUHFFLKMXFL958P0V5Y6HARX","3LE8W42VVGM7V7Z9P28NCY9UI59HH9","Answer a survey about your opinions","Give us your opinion about our products","survey, demographics","$0.10","Thu Nov 11 15:22:23 PST 2021","102","BatchId:4600840;OriginalHitTemplateId:920937340;","3600","86400","Sat Nov 13 15:22:23 PST 2021","","","336KAV9KY0D8Y4CRCR9PGY1SLGD2YU","AFX6XNQSML9DT","Approved","Thu Nov 11 15:46:25 PST 2021","Thu Nov 11 15:48:00 PST 2021","Fri Nov 12 15:48:00 PST 2021","Thu Nov 11 21:02:02 PST 2021","","","95","100% (1/1)","100% (1/1)","100% (1/1)","SM-47802-CC"
"34HEO7RUHFFLKMXFL958P0V5Y6HARX","3LE8W42VVGM7V7Z9P28NCY9UI59HH9","Answer a survey about your opinions","Give us your opinion about our products","survey, demographics","$0.10","Thu Nov 11 15:22:23 PST 2021","102","BatchId:4600840;OriginalHitTemplateId:920937340;","3600","86400","Sat Nov 13 15:22:23 PST 2021","","","336YQZE835Z03K60B7NCKAHXWGNM5M","ATG26IZHQX5H8","Approved","Thu Nov 11 15:26:47 PST 2021","Thu Nov 11 15:28:37 PST 2021","Fri Nov 12 15:28:37 PST 2021","Thu Nov 11 21:02:04 PST 2021","","","110","100% (1/1)","100% (1/1)","100% (1/1)","SM-76290-CC"
"34HEO7RUHFFLKMXFL958P0V5Y6HARX","3LE8W42VVGM7V7Z9P28NCY9UI59HH9","Answer a survey about your opinions","Give us your opinion about our products","survey, demographics","$0.10","Thu Nov 11 15:22:23 PST 2021","102","BatchId:4600840;OriginalHitTemplateId:920937340;","3600","86400","Sat Nov 13 15:22:23 PST 2021","","","338JKRMM2GKBHCH6F6YG0GPN78QAH8","A308EUXAFFMCRB","Approved","Thu Nov 11 15:31:42 PST 2021","Thu Nov 11 15:33:12 PST 2021","Fri Nov 12 15:33:12 PST 2021","Thu Nov 11 21:01:55 PST 2021","","","90","100% (1/1)","100% (1/1)","100% (1/1)","SM-77046-CC"
"34HEO7RUHFFLKMXFL958P0V5Y6HARX","3LE8W42VVGM7V7Z9P28NCY9UI59HH9","Answer a survey about your opinions","Give us your opinion about our products","survey, demographics","$0.10","Thu Nov 11 15:22:23 PST 2021","102","BatchId:4600840;OriginalHitTemplateId:920937340;","3600","86400","Sat Nov 13 15:22:23 PST 2021","","","33CUSNVVNXX45DNYF4KWRCQTE1988W","A19DRWHB2TRMEC","Approved","Thu Nov 11 16:56:45 PST 2021","Thu Nov 11 17:40:16 PST 2021","Fri Nov 12 17:40:16 PST 2021","Thu Nov 11 21:01:49 PST 2021","","","2611","100% (1/1)","100% (1/1)","100% (1/1)","SM-75650-CC"
"34HEO7RUHFFLKMXFL958P0V5Y6HARX","3LE8W42VVGM7V7Z9P28NCY9UI59HH9","Answer a survey about your opinions","Give us your opinion about our products","survey, demographics","$0.10","Thu Nov 11 15:22:23 PST 2021","102","BatchId:4600840;OriginalHitTemplateId:920937340;","3600","86400","Sat Nov 13 15:22:23 PST 2021","","","33JKGHPFYMF4T9C6F7JYERHJN1ONME","ADVCIFLB5A9B","Approved","Thu Nov 11 15:32:55 PST 2021","Thu Nov 11 15:34:20 PST 2021","Fri Nov 12 15:34:20 PST 2021","Thu Nov 11 21:02:02 PST 2021","","","85","100% (1/1)","100% (1/1)","100% (1/1)","SM-28921-CC"
"34HEO7RUHFFLKMXFL958P0V5Y6HARX","3LE8W42VVGM7V7Z9P28NCY9UI59HH9","Answer a survey about your opinions","Give us your opinion about our products","survey, demographics","$0.10","Thu Nov 11 15:22:23 PST 2021","102","BatchId:4600840;OriginalHitTemplateId:920937340;","3600","86400","Sat Nov 13 15:22:23 PST 2021","","","33LK57MYL3Q18T3U2SQELNNYP4FZSK","A1ENA9EDXQR3HA","Approved","Thu Nov 11 15:45:31 PST 2021","Thu Nov 11 16:01:17 PST 2021","Fri Nov 12 16:01:17 PST 2021","Thu Nov 11 21:01:50 PST 2021","","","946","100% (1/1)","100% (1/1)","100% (1/1)","SM-63382-CC"
"34HEO7RUHFFLKMXFL958P0V5Y6HARX","3LE8W42VVGM7V7Z9P28NCY9UI59HH9","Answer a survey about your opinions","Give us your opinion about our products","survey, demographics","$0.10","Thu Nov 11 15:22:23 PST 2021","102","BatchId:4600840;OriginalHitTemplateId:920937340;","3600","86400","Sat Nov 13 15:22:23 PST 2021","","","33NF62TLXTNDKVLIFXEQ678YPCOKJ2","A1CLAH5SJ0YI8A","Approved","Thu Nov 11 15:31:35 PST 2021","Thu Nov 11 15:32:48 PST 2021","Fri Nov 12 15:32:48 PST 2021","Thu Nov 11 21:01:50 PST 2021","","","73","100% (1/1)","100% (1/1)","100% (1/1)","SM-40405-CC"
"34HEO7RUHFFLKMXFL958P0V5Y6HARX","3LE8W42VVGM7V7Z9P28NCY9UI59HH9","Answer a survey about your opinions","Give us your opinion about our products","survey, demographics","$0.10","Thu Nov 11 15:22:23 PST 2021","102","BatchId:4600840;OriginalHitTemplateId:920937340;","3600","86400","Sat Nov 13 15:22:23 PST 2021","","","33PPUNGG3IQP7E3HN3Q9VDI232VRZN","AAKV691LBCW7Z","Approved","Thu Nov 11 15:32:26 PST 2021","Thu Nov 11 15:35:09 PST 2021","Fri Nov 12 15:35:09 PST 2021","Thu Nov 11 21:02:01 PST 2021","","","163","100% (1/1)","100% (1/1)","100% (1/1)","SM-45962-CC"
"34HEO7RUHFFLKMXFL958P0V5Y6HARX","3LE8W42VVGM7V7Z9P28NCY9UI59HH9","Answer a survey about your opinions","Give us your opinion about our products","survey, demographics","$0.10","Thu Nov 11 15:22:23 PST 2021","102","BatchId:4600840;OriginalHitTemplateId:920937340;","3600","86400","Sat Nov 13 15:22:23 PST 2021","","","340UGXU9D8M0EMQOQ0WBFISQMQUVUW","A6SECJ1D7VWBZ","Approved","Thu Nov 11 15:43:11 PST 2021","Thu Nov 11 15:45:07 PST 2021","Fri Nov 12 15:45:07 PST 2021","Thu Nov 11 21:02:01 PST 2021","","","116","100% (1/1)","100% (1/1)","100% (1/1)","SM-19800-CC"
"34HEO7RUHFFLKMXFL958P0V5Y6HARX","3LE8W42VVGM7V7Z9P28NCY9UI59HH9","Answer a survey about your opinions","Give us your opinion about our products","survey, demographics","$0.10","Thu Nov 11 15:22:23 PST 2021","102","BatchId:4600840;OriginalHitTemplateId:920937340;","3600","86400","Sat Nov 13 15:22:23 PST 2021","","","34S9DKFK7DA4NQ1KYA798M4QWBANYC","A3A590W83QQKBS","Approved","Thu Nov 11 16:48:14 PST 2021","Thu Nov 11 17:42:48 PST 2021","Fri Nov 12 17:42:48 PST 2021","Thu Nov 11 21:01:57 PST 2021","","","3274","100% (1/1)","100% (1/1)","100% (1/1)","SM-19132-CC"
"34HEO7RUHFFLKMXFL958P0V5Y6HARX","3LE8W42VVGM7V7Z9P28NCY9UI59HH9","Answer a survey about your opinions","Give us your opinion about our products","survey, demographics","$0.10","Thu Nov 11 15:22:23 PST 2021","102","BatchId:4600840;OriginalHitTemplateId:920937340;","3600","86400","Sat Nov 13 15:22:23 PST 2021","","","35BLDD71IGIH0LKYWNVJWA75O87VZJ","A34UMZTNL8QOUS","Approved","Thu Nov 11 15:27:00 PST 2021","Thu Nov 11 15:30:38 PST 2021","Fri Nov 12 15:30:38 PST 2021","Thu Nov 11 21:01:56 PST 2021","","","218","100% (1/1)","100% (1/1)","100% (1/1)","SM-23512-CC"
"34HEO7RUHFFLKMXFL958P0V5Y6HARX","3LE8W42VVGM7V7Z9P28NCY9UI59HH9","Answer a survey about your opinions","Give us your opinion about our products","survey, demographics","$0.10","Thu Nov 11 15:22:23 PST 2021","102","BatchId:4600840;OriginalHitTemplateId:920937340;","3600","86400","Sat Nov 13 15:22:23 PST 2021","","","35USIKEBN11246RESRCHPVKXX196NN","A394MAAJE5LVRA","Approved","Thu Nov 11 15:29:19 PST 2021","Thu Nov 11 15:31:10 PST 2021","Fri Nov 12 15:31:10 PST 2021","Thu Nov 11 21:01:56 PST 2021","","","111","100% (1/1)","100% (1/1)","100% (1/1)","SM-57352-CC"
"34HEO7RUHFFLKMXFL958P0V5Y6HARX","3LE8W42VVGM7V7Z9P28NCY9UI59HH9","Answer a survey about your opinions","Give us your opinion about our products","survey, demographics","$0.10","Thu Nov 11 15:22:23 PST 2021","102","BatchId:4600840;OriginalHitTemplateId:920937340;","3600","86400","Sat Nov 13 15:22:23 PST 2021","","","369J354OFNVWUEAS5NZMZBB0WPMG6O","AS4Z5TX7TL88E","Approved","Thu Nov 11 15:26:06 PST 2021","Thu Nov 11 15:28:53 PST 2021","Fri Nov 12 15:28:53 PST 2021","Thu Nov 11 21:02:03 PST 2021","","","167","100% (1/1)","100% (1/1)","100% (1/1)","SM-92460-CC"
"34HEO7RUHFFLKMXFL958P0V5Y6HARX","3LE8W42VVGM7V7Z9P28NCY9UI59HH9","Answer a survey about your opinions","Give us your opinion about our products","survey, demographics","$0.10","Thu Nov 11 15:22:23 PST 2021","102","BatchId:4600840;OriginalHitTemplateId:920937340;","3600","86400","Sat Nov 13 15:22:23 PST 2021","","","369J354OFNVWUEAS5NZMZBB0WPO6GG","A3ADQ2RLQNJQDU","Approved","Thu Nov 11 15:35:45 PST 2021","Thu Nov 11 15:39:29 PST 2021","Fri Nov 12 15:39:29 PST 2021","Thu Nov 11 21:01:57 PST 2021","","","224","100% (1/1)","100% (1/1)","100% (1/1)","SM-75094-CC"
"34HEO7RUHFFLKMXFL958P0V5Y6HARX","3LE8W42VVGM7V7Z9P28NCY9UI59HH9","Answer a survey about your opinions","Give us your opinion about our products","survey, demographics","$0.10","Thu Nov 11 15:22:23 PST 2021","102","BatchId:4600840;OriginalHitTemplateId:920937340;","3600","86400","Sat Nov 13 15:22:23 PST 2021","","","373ERPL3YYTTL2UIHB1R9PHLI6ART8","ASLKHHZV4UJ2P","Approved","Thu Nov 11 15:44:37 PST 2021","Thu Nov 11 15:49:36 PST 2021","Fri Nov 12 15:49:36 PST 2021","Thu Nov 11 21:02:03 PST 2021","","","299","100% (1/1)","100% (1/1)","100% (1/1)","SM-27532-CC"
"34HEO7RUHFFLKMXFL958P0V5Y6HARX","3LE8W42VVGM7V7Z9P28NCY9UI59HH9","Answer a survey about your opinions","Give us your opinion about our products","survey, demographics","$0.10","Thu Nov 11 15:22:23 PST 2021","102","BatchId:4600840;OriginalHitTemplateId:920937340;","3600","86400","Sat Nov 13 15:22:23 PST 2021","","","379J5II41Y1GTLH8MWF0OR8L941ELI","A2CW9U6626OFNQ","Approved","Thu Nov 11 16:00:34 PST 2021","Thu Nov 11 16:56:20 PST 2021","Fri Nov 12 16:56:20 PST 2021","Thu Nov 11 21:01:53 PST 2021","","","3346","100% (1/1)","100% (1/1)","100% (1/1)","SM-93819-CC"
"34HEO7RUHFFLKMXFL958P0V5Y6HARX","3LE8W42VVGM7V7Z9P28NCY9UI59HH9","Answer a survey about your opinions","Give us your opinion about our products","survey, demographics","$0.10","Thu Nov 11 15:22:23 PST 2021","102","BatchId:4600840;OriginalHitTemplateId:920937340;","3600","86400","Sat Nov 13 15:22:23 PST 2021","","","379J5II41Y1GTLH8MWF0OR8L94WLEK","AAT0E6R2M0ZYE","Approved","Thu Nov 11 15:28:28 PST 2021","Thu Nov 11 16:05:04 PST 2021","Fri Nov 12 16:05:04 PST 2021","Thu Nov 11 21:02:01 PST 2021","","","2196","100% (1/1)","100% (1/1)","100% (1/1)","SM-47142-CC"
"34HEO7RUHFFLKMXFL958P0V5Y6HARX","3LE8W42VVGM7V7Z9P28NCY9UI59HH9","Answer a survey about your opinions","Give us your opinion about our products","survey, demographics","$0.10","Thu Nov 11 15:22:23 PST 2021","102","BatchId:4600840;OriginalHitTemplateId:920937340;","3600","86400","Sat Nov 13 15:22:23 PST 2021","","","37M28K1J00Y78ICW3611CT52K0TJAL","AZEZ8CB5OW41L","Approved","Thu Nov 11 15:27:01 PST 2021","Thu Nov 11 15:31:10 PST 2021","Fri Nov 12 15:31:10 PST 2021","Thu Nov 11 21:02:04 PST 2021","","","249","100% (1/1)","100% (1/1)","100% (1/1)","SM-66826-CC"
"34HEO7RUHFFLKMXFL958P0V5Y6HARX","3LE8W42VVGM7V7Z9P28NCY9UI59HH9","Answer a survey about your opinions","Give us your opinion about our products","survey, demographics","$0.10","Thu Nov 11 15:22:23 PST 2021","102","BatchId:4600840;OriginalHitTemplateId:920937340;","3600","86400","Sat Nov 13 15:22:23 PST 2021","","","37UEWGM5H3TSCII9FSHH3JYQQNI1R8","A38AQF5BPHJS4C","Approved","Thu Nov 11 15:29:21 PST 2021","Thu Nov 11 15:30:52 PST 2021","Fri Nov 12 15:30:52 PST 2021","Thu Nov 11 21:01:56 PST 2021","","","91","100% (1/1)","100% (1/1)","100% (1/1)","SM-65755-CC"
"34HEO7RUHFFLKMXFL958P0V5Y6HARX","3LE8W42VVGM7V7Z9P28NCY9UI59HH9","Answer a survey about your opinions","Give us your opinion about our products","survey, demographics","$0.10","Thu Nov 11 15:22:23 PST 2021","102","BatchId:4600840;OriginalHitTemplateId:920937340;","3600","86400","Sat Nov 13 15:22:23 PST 2021","","","37WLF8U1WZB1W06BVEK1X33T3646KI","A3LIE6Q2EGABU6","Approved","Thu Nov 11 15:28:53 PST 2021","Thu Nov 11 15:31:52 PST 2021","Fri Nov 12 15:31:52 PST 2021","Thu Nov 11 21:01:59 PST 2021","","","179","100% (1/1)","100% (1/1)","100% (1/1)","SM-65142-CC"
"34HEO7RUHFFLKMXFL958P0V5Y6HARX","3LE8W42VVGM7V7Z9P28NCY9UI59HH9","Answer a survey about your opinions","Give us your opinion about our products","survey, demographics","$0.10","Thu Nov 11 15:22:23 PST 2021","102","BatchId:4600840;OriginalHitTemplateId:920937340;","3600","86400","Sat Nov 13 15:22:23 PST 2021","","","39KFRKBFIXGM5B1WZP7MNB4VML6YOT","A3QSD8NW6KSU3P","Approved","Thu Nov 11 15:27:01 PST 2021","Thu Nov 11 15:28:23 PST 2021","Fri Nov 12 15:28:23 PST 2021","Thu Nov 11 21:02:00 PST 2021","","","82","100% (1/1)","100% (1/1)","100% (1/1)","SM-78252-CC"
"34HEO7RUHFFLKMXFL958P0V5Y6HARX","3LE8W42VVGM7V7Z9P28NCY9UI59HH9","Answer a survey about your opinions","Give us your opinion about our products","survey, demographics","$0.10","Thu Nov 11 15:22:23 PST 2021","102","BatchId:4600840;OriginalHitTemplateId:920937340;","3600","86400","Sat Nov 13 15:22:23 PST 2021","","","39L1G8WVW0C0TGX742GLLLVAK95137","A3990IOKGPBMJ","Approved","Thu Nov 11 15:48:33 PST 2021","Thu Nov 11 15:52:47 PST 2021","Fri Nov 12 15:52:47 PST 2021","Thu Nov 11 21:01:57 PST 2021","","","254","100% (1/1)","100% (1/1)","100% (1/1)","SM-18577-CC"
"34HEO7RUHFFLKMXFL958P0V5Y6HARX","3LE8W42VVGM7V7Z9P28NCY9UI59HH9","Answer a survey about your opinions","Give us your opinion about our products","survey, demographics","$0.10","Thu Nov 11 15:22:23 PST 2021","102","BatchId:4600840;OriginalHitTemplateId:920937340;","3600","86400","Sat Nov 13 15:22:23 PST 2021","","","3A4NIXBJ7GKE599L3U3J1ZDUI6PLMB","AD1LOD0A1DZ9B","Approved","Thu Nov 11 15:42:29 PST 2021","Thu Nov 11 15:42:37 PST 2021","Fri Nov 12 15:42:37 PST 2021","Thu Nov 11 21:02:02 PST 2021","","","8","100% (1/1)","100% (1/1)","100% (1/1)","SM-57094-CC"
"34HEO7RUHFFLKMXFL958P0V5Y6HARX","3LE8W42VVGM7V7Z9P28NCY9UI59HH9","Answer a survey about your opinions","Give us your opinion about our products","survey, demographics","$0.10","Thu Nov 11 15:22:23 PST 2021","102","BatchId:4600840;OriginalHitTemplateId:920937340;","3600","86400","Sat Nov 13 15:22:23 PST 2021","","","3BWI6RSP7QUHE0S6I2EQ5MQKEKYE7B","A1O4AAQX2KCD3N","Approved","Thu Nov 11 16:27:12 PST 2021","Thu Nov 11 16:37:58 PST 2021","Fri Nov 12 16:37:58 PST 2021","Thu Nov 11 21:01:51 PST 2021","","","646","100% (1/1)","100% (1/1)","100% (1/1)","SM-61161-CC"
"34HEO7RUHFFLKMXFL958P0V5Y6HARX","3LE8W42VVGM7V7Z9P28NCY9UI59HH9","Answer a survey about your opinions","Give us your opinion about our products","survey, demographics","$0.10","Thu Nov 11 15:22:23 PST 2021","102","BatchId:4600840;OriginalHitTemplateId:920937340;","3600","86400","Sat Nov 13 15:22:23 PST 2021","","","3CCZ6YKWRH4LW0N6MYJ7FOBDWHY95S","A3JS3Z442IRFI6","Approved","Thu Nov 11 18:27:18 PST 2021","Thu Nov 11 18:29:46 PST 2021","Fri Nov 12 18:29:46 PST 2021","Thu Nov 11 21:01:59 PST 2021","","","148","100% (1/1)","100% (1/1)","100% (1/1)","SM-33726-CC"
"34HEO7RUHFFLKMXFL958P0V5Y6HARX","3LE8W42VVGM7V7Z9P28NCY9UI59HH9","Answer a survey about your opinions","Give us your opinion about our products","survey, demographics","$0.10","Thu Nov 11 15:22:23 PST 2021","102","BatchId:4600840;OriginalHitTemplateId:920937340;","3600","86400","Sat Nov 13 15:22:23 PST 2021","","","3DH6GAKTY8AY4FF31YI339BZ6PAYZW","A3B01L2TR8ZH4O","Approved","Thu Nov 11 15:37:48 PST 2021","Thu Nov 11 15:48:34 PST 2021","Fri Nov 12 15:48:34 PST 2021","Thu Nov 11 21:01:57 PST 2021","","","646","100% (1/1)","100% (1/1)","100% (1/1)","SM-14954-CC"
"34HEO7RUHFFLKMXFL958P0V5Y6HARX","3LE8W42VVGM7V7Z9P28NCY9UI59HH9","Answer a survey about your opinions","Give us your opinion about our products","survey, demographics","$0.10","Thu Nov 11 15:22:23 PST 2021","102","BatchId:4600840;OriginalHitTemplateId:920937340;","3600","86400","Sat Nov 13 15:22:23 PST 2021","","","3DI28L7YXKZ33ED4TMXH4CZ7BYSE18","A2OB7377VTJ2SX","Approved","Thu Nov 11 15:27:57 PST 2021","Thu Nov 11 15:29:50 PST 2021","Fri Nov 12 15:29:50 PST 2021","Thu Nov 11 21:01:54 PST 2021","","","113","100% (1/1)","100% (1/1)","100% (1/1)","SM-76259-CC"
"34HEO7RUHFFLKMXFL958P0V5Y6HARX","3LE8W42VVGM7V7Z9P28NCY9UI59HH9","Answer a survey about your opinions","Give us your opinion about our products","survey, demographics","$0.10","Thu Nov 11 15:22:23 PST 2021","102","BatchId:4600840;OriginalHitTemplateId:920937340;","3600","86400","Sat Nov 13 15:22:23 PST 2021","","","3DPNQGW4LV0GIYH8AMXLQMEX6KE46Q","A43FSBKMJ6VDQ","Approved","Thu Nov 11 15:29:08 PST 2021","Thu Nov 11 15:31:01 PST 2021","Fri Nov 12 15:31:01 PST 2021","Thu Nov 11 21:02:00 PST 2021","","","113","100% (1/1)","100% (1/1)","100% (1/1)","SM-42727-CC"
"34HEO7RUHFFLKMXFL958P0V5Y6HARX","3LE8W42VVGM7V7Z9P28NCY9UI59HH9","Answer a survey about your opinions","Give us your opinion about our products","survey, demographics","$0.10","Thu Nov 11 15:22:23 PST 2021","102","BatchId:4600840;OriginalHitTemplateId:920937340;","3600","86400","Sat Nov 13 15:22:23 PST 2021","","","3E1QT0TDFZUXUJZBOQWN41K7HX58IV","AI81YD9GPS44H","Approved","Thu Nov 11 15:27:22 PST 2021","Thu Nov 11 15:30:40 PST 2021","Fri Nov 12 15:30:40 PST 2021","Thu Nov 11 21:02:02 PST 2021","","","198","100% (1/1)","100% (1/1)","100% (1/1)","SM-69921-CC"
"34HEO7RUHFFLKMXFL958P0V5Y6HARX","3LE8W42VVGM7V7Z9P28NCY9UI59HH9","Answer a survey about your opinions","Give us your opinion about our products","survey, demographics","$0.10","Thu Nov 11 15:22:23 PST 2021","102","BatchId:4600840;OriginalHitTemplateId:920937340;","3600","86400","Sat Nov 13 15:22:23 PST 2021","","","3EFVCAY5LDUTPUJH68HNG2Z7UCUJ8I","A3J2EZSTLWE0UC","Approved","Thu Nov 11 15:33:53 PST 2021","Thu Nov 11 15:49:14 PST 2021","Fri Nov 12 15:49:14 PST 2021","Thu Nov 11 21:01:58 PST 2021","","","921","100% (1/1)","100% (1/1)","100% (1/1)","SM-67687-CC"
"34HEO7RUHFFLKMXFL958P0V5Y6HARX","3LE8W42VVGM7V7Z9P28NCY9UI59HH9","Answer a survey about your opinions","Give us your opinion about our products","survey, demographics","$0.10","Thu Nov 11 15:22:23 PST 2021","102","BatchId:4600840;OriginalHitTemplateId:920937340;","3600","86400","Sat Nov 13 15:22:23 PST 2021","","","3EJPLAJKEW1WLV5XVFNBKIR67FH6Z4","A3C0DDIL4Z2SGD","Approved","Thu Nov 11 15:30:01 PST 2021","Thu Nov 11 15:49:46 PST 2021","Fri Nov 12 15:49:46 PST 2021","Thu Nov 11 21:01:57 PST 2021","","","1185","100% (1/1)","100% (1/1)","100% (1/1)","SM-76150-CC"
"34HEO7RUHFFLKMXFL958P0V5Y6HARX","3LE8W42VVGM7V7Z9P28NCY9UI59HH9","Answer a survey about your opinions","Give us your opinion about our products","survey, demographics","$0.10","Thu Nov 11 15:22:23 PST 2021","102","BatchId:4600840;OriginalHitTemplateId:920937340;","3600","86400","Sat Nov 13 15:22:23 PST 2021","","","3EO896NRA6GCNEB596SI7YVU8PLJTD","A2RWS7B004DPZF","Approved","Thu Nov 11 16:27:16 PST 2021","Thu Nov 11 17:01:22 PST 2021","Fri Nov 12 17:01:22 PST 2021","Thu Nov 11 21:01:55 PST 2021","","","2046","100% (1/1)","100% (1/1)","100% (1/1)","SM-31090-CC"
"34HEO7RUHFFLKMXFL958P0V5Y6HARX","3LE8W42VVGM7V7Z9P28NCY9UI59HH9","Answer a survey about your opinions","Give us your opinion about our products","survey, demographics","$0.10","Thu Nov 11 15:22:23 PST 2021","102","BatchId:4600840;OriginalHitTemplateId:920937340;","3600","86400","Sat Nov 13 15:22:23 PST 2021","","","3FDJT1UU7ET5DW6XQVAW5XPT7BT5K1","A27Q0ZVJY654DL","Approved","Thu Nov 11 15:31:26 PST 2021","Thu Nov 11 15:32:16 PST 2021","Fri Nov 12 15:32:16 PST 2021","Thu Nov 11 21:01:53 PST 2021","","","50","100% (1/1)","100% (1/1)","100% (1/1)","SM-10092-CC"
"34HEO7RUHFFLKMXFL958P0V5Y6HARX","3LE8W42VVGM7V7Z9P28NCY9UI59HH9","Answer a survey about your opinions","Give us your opinion about our products","survey, demographics","$0.10","Thu Nov 11 15:22:23 PST 2021","102","BatchId:4600840;OriginalHitTemplateId:920937340;","3600","86400","Sat Nov 13 15:22:23 PST 2021","","","3FDJT1UU7ET5DW6XQVAW5XPT7BTK5G","A1YDHB3LEM8JL1","Approved","Thu Nov 11 15:30:48 PST 2021","Thu Nov 11 15:34:58 PST 2021","Fri Nov 12 15:34:58 PST 2021","Thu Nov 11 21:01:52 PST 2021","","","250","100% (1/1)","100% (1/1)","100% (1/1)","SM-63179-CC"
"34HEO7RUHFFLKMXFL958P0V5Y6HARX","3LE8W42VVGM7V7Z9P28NCY9UI59HH9","Answer a survey about your opinions","Give us your opinion about our products","survey, demographics","$0.10","Thu Nov 11 15:22:23 PST 2021","102","BatchId:4600840;OriginalHitTemplateId:920937340;","3600","86400","Sat Nov 13 15:22:23 PST 2021","","","3FTOP5WARP9B75EEB448NNTPBEN0JH","A2B5K2C6XBAUI4","Approved","Thu Nov 11 16:13:52 PST 2021","Thu Nov 11 16:47:01 PST 2021","Fri Nov 12 16:47:01 PST 2021","Thu Nov 11 21:01:53 PST 2021","","","1989","100% (1/1)","100% (1/1)","100% (1/1)","SM-40167-CC"
"34HEO7RUHFFLKMXFL958P0V5Y6HARX","3LE8W42VVGM7V7Z9P28NCY9UI59HH9","Answer a survey about your opinions","Give us your opinion about our products","survey, demographics","$0.10","Thu Nov 11 15:22:23 PST 2021","102","BatchId:4600840;OriginalHitTemplateId:920937340;","3600","86400","Sat Nov 13 15:22:23 PST 2021","","","3FTYUGLFS46XZQ0NYEO91KU3N2VD5V","A3RBC5DVESRSEB","Approved","Thu Nov 11 15:24:39 PST 2021","Thu Nov 11 15:26:34 PST 2021","Fri Nov 12 15:26:34 PST 2021","Thu Nov 11 21:02:00 PST 2021","","","115","100% (1/1)","100% (1/1)","100% (1/1)","SM-21924-CC"
"34HEO7RUHFFLKMXFL958P0V5Y6HARX","3LE8W42VVGM7V7Z9P28NCY9UI59HH9","Answer a survey about your opinions","Give us your opinion about our products","survey, demographics","$0.10","Thu Nov 11 15:22:23 PST 2021","102","BatchId:4600840;OriginalHitTemplateId:920937340;","3600","86400","Sat Nov 13 15:22:23 PST 2021","","","3I3WADAZ90PO3NRCON2PCE62RG3O54","A3959GYL1Z4EO0","Approved","Thu Nov 11 15:34:01 PST 2021","Thu Nov 11 15:36:57 PST 2021","Fri Nov 12 15:36:57 PST 2021","Thu Nov 11 21:01:57 PST 2021","","","176","100% (1/1)","100% (1/1)","100% (1/1)","SM-93219-CC"
"34HEO7RUHFFLKMXFL958P0V5Y6HARX","3LE8W42VVGM7V7Z9P28NCY9UI59HH9","Answer a survey about your opinions","Give us your opinion about our products","survey, demographics","$0.10","Thu Nov 11 15:22:23 PST 2021","102","BatchId:4600840;OriginalHitTemplateId:920937340;","3600","86400","Sat Nov 13 15:22:23 PST 2021","","","3I3WADAZ90PO3NRCON2PCE62RG4O55","A1I1Z5HLH9T9UX","Approved","Thu Nov 11 15:43:37 PST 2021","Thu Nov 11 16:10:18 PST 2021","Fri Nov 12 16:10:18 PST 2021","Thu Nov 11 21:01:50 PST 2021","","","1601","100% (1/1)","100% (1/1)","100% (1/1)","SM-19404-CC"
"34HEO7RUHFFLKMXFL958P0V5Y6HARX","3LE8W42VVGM7V7Z9P28NCY9UI59HH9","Answer a survey about your opinions","Give us your opinion about our products","survey, demographics","$0.10","Thu Nov 11 15:22:23 PST 2021","102","BatchId:4600840;OriginalHitTemplateId:920937340;","3600","86400","Sat Nov 13 15:22:23 PST 2021","","","3IFS6Q0HJS4FD3EK2O2SLSK8TRDIS6","A18WG7Z9X9GH7E","Approved","Thu Nov 11 15:42:11 PST 2021","Thu Nov 11 15:44:01 PST 2021","Fri Nov 12 15:44:01 PST 2021","Thu Nov 11 21:01:49 PST 2021","","","110","100% (1/1)","100% (1/1)","100% (1/1)","SM-11256-CC"
"34HEO7RUHFFLKMXFL958P0V5Y6HARX","3LE8W42VVGM7V7Z9P28NCY9UI59HH9","Answer a survey about your opinions","Give us your opinion about our products","survey, demographics","$0.10","Thu Nov 11 15:22:23 PST 2021","102","BatchId:4600840;OriginalHitTemplateId:920937340;","3600","86400","Sat Nov 13 15:22:23 PST 2021","","","3IJXV6UZ1743COE7NZ2NVIFC7PAIRY","A2WKD3X0IQ2R0W","Approved","Thu Nov 11 18:28:35 PST 2021","Thu Nov 11 18:39:31 PST 2021","Fri Nov 12 18:39:31 PST 2021","Thu Nov 11 21:01:55 PST 2021","","","656","100% (1/1)","100% (1/1)","100% (1/1)","SM-66246-CC"
"34HEO7RUHFFLKMXFL958P0V5Y6HARX","3LE8W42VVGM7V7Z9P28NCY9UI59HH9","Answer a survey about your opinions","Give us your opinion about our products","survey, demographics","$0.10","Thu Nov 11 15:22:23 PST 2021","102","BatchId:4600840;OriginalHitTemplateId:920937340;","3600","86400","Sat Nov 13 15:22:23 PST 2021","","","3IRIK4HM3K5JD2UN31339KQLYXW6C6","A2JJF5OFND2KL5","Approved","Thu Nov 11 15:35:37 PST 2021","Thu Nov 11 15:36:31 PST 2021","Fri Nov 12 15:36:31 PST 2021","Thu Nov 11 21:01:54 PST 2021","","","54","100% (1/1)","100% (1/1)","100% (1/1)","SM-42504-CC"
"34HEO7RUHFFLKMXFL958P0V5Y6HARX","3LE8W42VVGM7V7Z9P28NCY9UI59HH9","Answer a survey about your opinions","Give us your opinion about our products","survey, demographics","$0.10","Thu Nov 11 15:22:23 PST 2021","102","BatchId:4600840;OriginalHitTemplateId:920937340;","3600","86400","Sat Nov 13 15:22:23 PST 2021","","","3IUZPWIU1YSZQFLHMWX5VX26R8WKWW","AMP43R3RISC1J","Approved","Thu Nov 11 15:24:19 PST 2021","Thu Nov 11 15:30:08 PST 2021","Fri Nov 12 15:30:08 PST 2021","Thu Nov 11 21:02:03 PST 2021","","","349","100% (1/1)","100% (1/1)","100% (1/1)","SM-59934-CC"
"34HEO7RUHFFLKMXFL958P0V5Y6HARX","3LE8W42VVGM7V7Z9P28NCY9UI59HH9","Answer a survey about your opinions","Give us your opinion about our products","survey, demographics","$0.10","Thu Nov 11 15:22:23 PST 2021","102","BatchId:4600840;OriginalHitTemplateId:920937340;","3600","86400","Sat Nov 13 15:22:23 PST 2021","","","3JJVG1YBELI4KT23KIX36U63KHRB5U","A20EZHOJATMWZP","Approved","Thu Nov 11 16:33:34 PST 2021","Thu Nov 11 16:35:01 PST 2021","Fri Nov 12 16:35:01 PST 2021","Thu Nov 11 21:01:52 PST 2021","","","87","100% (1/1)","100% (1/1)","100% (1/1)","SM-19762-CC"
"34HEO7RUHFFLKMXFL958P0V5Y6HARX","3LE8W42VVGM7V7Z9P28NCY9UI59HH9","Answer a survey about your opinions","Give us your opinion about our products","survey, demographics","$0.10","Thu Nov 11 15:22:23 PST 2021","102","BatchId:4600840;OriginalHitTemplateId:920937340;","3600","86400","Sat Nov 13 15:22:23 PST 2021","","","3JPSL1DZ52K3R83HI4TT50MJTKYNAT","A2KZIEJYRKRL9G","Approved","Thu Nov 11 15:24:54 PST 2021","Thu Nov 11 15:31:47 PST 2021","Fri Nov 12 15:31:47 PST 2021","Thu Nov 11 21:01:54 PST 2021","","","413","100% (1/1)","100% (1/1)","100% (1/1)","SM-58207-CC"
"34HEO7RUHFFLKMXFL958P0V5Y6HARX","3LE8W42VVGM7V7Z9P28NCY9UI59HH9","Answer a survey about your opinions","Give us your opinion about our products","survey, demographics","$0.10","Thu Nov 11 15:22:23 PST 2021","102","BatchId:4600840;OriginalHitTemplateId:920937340;","3600","86400","Sat Nov 13 15:22:23 PST 2021","","","3K2755HG52OP1NTC4Q1INWLGCW9DFE","A2HR69ACDT4RDF","Approved","Thu Nov 11 15:25:33 PST 2021","Thu Nov 11 15:31:40 PST 2021","Fri Nov 12 15:31:40 PST 2021","Thu Nov 11 21:01:54 PST 2021","","","367","100% (1/1)","100% (1/1)","100% (1/1)","SM-69548-CC"
"34HEO7RUHFFLKMXFL958P0V5Y6HARX","3LE8W42VVGM7V7Z9P28NCY9UI59HH9","Answer a survey about your opinions","Give us your opinion about our products","survey, demographics","$0.10","Thu Nov 11 15:22:23 PST 2021","102","BatchId:4600840;OriginalHitTemplateId:920937340;","3600","86400","Sat Nov 13 15:22:23 PST 2021","","","3K5TEWLKG5WV5VVOWJ7XWF4FSV6IVA","A3NG205QJ48IM4","Approved","Thu Nov 11 15:32:59 PST 2021","Thu Nov 11 15:36:16 PST 2021","Fri Nov 12 15:36:16 PST 2021","Thu Nov 11 21:01:59 PST 2021","","","197","100% (1/1)","100% (1/1)","100% (1/1)","SM-20973-CC"
"34HEO7RUHFFLKMXFL958P0V5Y6HARX","3LE8W42VVGM7V7Z9P28NCY9UI59HH9","Answer a survey about your opinions","Give us your opinion about our products","survey, demographics","$0.10","Thu Nov 11 15:22:23 PST 2021","102","BatchId:4600840;OriginalHitTemplateId:920937340;","3600","86400","Sat Nov 13 15:22:23 PST 2021","","","3KJYX6QCMJWR06FUE1SX8GJF5A1VJ5","ACF3N23GE5BFT","Approved","Thu Nov 11 16:25:36 PST 2021","Thu Nov 11 16:33:49 PST 2021","Fri Nov 12 16:33:49 PST 2021","Thu Nov 11 21:02:01 PST 2021","","","493","100% (1/1)","100% (1/1)","100% (1/1)","SM-85516-CC"
"34HEO7RUHFFLKMXFL958P0V5Y6HARX","3LE8W42VVGM7V7Z9P28NCY9UI59HH9","Answer a survey about your opinions","Give us your opinion about our products","survey, demographics","$0.10","Thu Nov 11 15:22:23 PST 2021","102","BatchId:4600840;OriginalHitTemplateId:920937340;","3600","86400","Sat Nov 13 15:22:23 PST 2021","","","3LBXNTKX01GUYJ7GS422772XPGQX98","A3E8GX5T7ZERPV","Approved","Thu Nov 11 15:28:57 PST 2021","Thu Nov 11 15:40:27 PST 2021","Fri Nov 12 15:40:27 PST 2021","Thu Nov 11 21:01:57 PST 2021","","","690","100% (1/1)","100% (1/1)","100% (1/1)","SM-27666-CC"
"34HEO7RUHFFLKMXFL958P0V5Y6HARX","3LE8W42VVGM7V7Z9P28NCY9UI59HH9","Answer a survey about your opinions","Give us your opinion about our products","survey, demographics","$0.10","Thu Nov 11 15:22:23 PST 2021","102","BatchId:4600840;OriginalHitTemplateId:920937340;","3600","86400","Sat Nov 13 15:22:23 PST 2021","","","3LO69W1SUDYEDZDZSR5OOUTXMKBLG1","A27KQEFGBRX78A","Approved","Thu Nov 11 15:26:06 PST 2021","Thu Nov 11 15:27:00 PST 2021","Fri Nov 12 15:27:00 PST 2021","Thu Nov 11 21:01:53 PST 2021","","","54","100% (1/1)","100% (1/1)","100% (1/1)","SM-12204-CC"
"34HEO7RUHFFLKMXFL958P0V5Y6HARX","3LE8W42VVGM7V7Z9P28NCY9UI59HH9","Answer a survey about your opinions","Give us your opinion about our products","survey, demographics","$0.10","Thu Nov 11 15:22:23 PST 2021","102","BatchId:4600840;OriginalHitTemplateId:920937340;","3600","86400","Sat Nov 13 15:22:23 PST 2021","","","3LYA37P8I0872CN6R5198JPLH7HBKA","A1XJAPEPY9XDOP","Approved","Thu Nov 11 15:45:31 PST 2021","Thu Nov 11 16:12:06 PST 2021","Fri Nov 12 16:12:06 PST 2021","Thu Nov 11 21:01:52 PST 2021","","","1595","100% (1/1)","100% (1/1)","100% (1/1)","SM-69349-CC"
"34HEO7RUHFFLKMXFL958P0V5Y6HARX","3LE8W42VVGM7V7Z9P28NCY9UI59HH9","Answer a survey about your opinions","Give us your opinion about our products","survey, demographics","$0.10","Thu Nov 11 15:22:23 PST 2021","102","BatchId:4600840;OriginalHitTemplateId:920937340;","3600","86400","Sat Nov 13 15:22:23 PST 2021","","","3M1CVSFP6AQOU5G9YWLA9UHOYVLQAJ","AOIR5CUUS0CZ4","Approved","Thu Nov 11 15:25:45 PST 2021","Thu Nov 11 15:29:57 PST 2021","Fri Nov 12 15:29:57 PST 2021","Thu Nov 11 21:02:03 PST 2021","","","252","100% (1/1)","100% (1/1)","100% (1/1)","SM-85124-CC"
"34HEO7RUHFFLKMXFL958P0V5Y6HARX","3LE8W42VVGM7V7Z9P28NCY9UI59HH9","Answer a survey about your opinions","Give us your opinion about our products","survey, demographics","$0.10","Thu Nov 11 15:22:23 PST 2021","102","BatchId:4600840;OriginalHitTemplateId:920937340;","3600","86400","Sat Nov 13 15:22:23 PST 2021","","","3M1CVSFP6AQOU5G9YWLA9UHOYVTQAR","A3IB7YJHP04OHI","Approved","Thu Nov 11 16:34:22 PST 2021","Thu Nov 11 16:37:14 PST 2021","Fri Nov 12 16:37:14 PST 2021","Thu Nov 11 21:01:58 PST 2021","","","172","100% (1/1)","100% (1/1)","100% (1/1)","SM-17985-CC"
"34HEO7RUHFFLKMXFL958P0V5Y6HARX","3LE8W42VVGM7V7Z9P28NCY9UI59HH9","Answer a survey about your opinions","Give us your opinion about our products","survey, demographics","$0.10","Thu Nov 11 15:22:23 PST 2021","102","BatchId:4600840;OriginalHitTemplateId:920937340;","3600","86400","Sat Nov 13 15:22:23 PST 2021","","","3NPI0JQDAYQ89PE34JX24UH6HOKTPG","A1UC4HL52SLR6Z","Approved","Thu Nov 11 15:26:47 PST 2021","Thu Nov 11 15:28:31 PST 2021","Fri Nov 12 15:28:31 PST 2021","Thu Nov 11 21:01:52 PST 2021","","","104","100% (1/1)","100% (1/1)","100% (1/1)","SM-14901-CC"
"34HEO7RUHFFLKMXFL958P0V5Y6HARX","3LE8W42VVGM7V7Z9P28NCY9UI59HH9","Answer a survey about your opinions","Give us your opinion about our products","survey, demographics","$0.10","Thu Nov 11 15:22:23 PST 2021","102","BatchId:4600840;OriginalHitTemplateId:920937340;","3600","86400","Sat Nov 13 15:22:23 PST 2021","","","3OB0CAO74RACDUF9VCCW327UAZSHYO","A3GYIGMAZSNWP8","Approved","Thu Nov 11 15:24:34 PST 2021","Thu Nov 11 15:25:16 PST 2021","Fri Nov 12 15:25:16 PST 2021","Thu Nov 11 21:01:58 PST 2021","","","42","100% (1/1)","100% (1/1)","100% (1/1)","SM-26986-CC"
"34HEO7RUHFFLKMXFL958P0V5Y6HARX","3LE8W42VVGM7V7Z9P28NCY9UI59HH9","Answer a survey about your opinions","Give us your opinion about our products","survey, demographics","$0.10","Thu Nov 11 15:22:23 PST 2021","102","BatchId:4600840;OriginalHitTemplateId:920937340;","3600","86400","Sat Nov 13 15:22:23 PST 2021","","","3OCHAWUVGY5EFFQ7W1TRXGGD0A2KXP","A3U7LVMLB6NX37","Approved","Thu Nov 11 15:28:47 PST 2021","Thu Nov 11 15:31:45 PST 2021","Fri Nov 12 15:31:45 PST 2021","Thu Nov 11 21:02:00 PST 2021","","","178","100% (1/1)","100% (1/1)","100% (1/1)","SM-59677-CC"
"34HEO7RUHFFLKMXFL958P0V5Y6HARX","3LE8W42VVGM7V7Z9P28NCY9UI59HH9","Answer a survey about your opinions","Give us your opinion about our products","survey, demographics","$0.10","Thu Nov 11 15:22:23 PST 2021","102","BatchId:4600840;OriginalHitTemplateId:920937340;","3600","86400","Sat Nov 13 15:22:23 PST 2021","","","3OCHAWUVGY5EFFQ7W1TRXGGD0A9XK9","A1U7ZIYZLT9V06","Rejected","Thu Nov 11 16:30:25 PST 2021","Thu Nov 11 16:45:05 PST 2021","Fri Nov 12 16:45:05 PST 2021","","Thu Nov 11 21:01:29 PST 2021","Not a valid assignments","880","0% (0/1)","0% (0/1)","0% (0/1)","PeanutButter"
"34HEO7RUHFFLKMXFL958P0V5Y6HARX","3LE8W42VVGM7V7Z9P28NCY9UI59HH9","Answer a survey about your opinions","Give us your opinion about our products","survey, demographics","$0.10","Thu Nov 11 15:22:23 PST 2021","102","BatchId:4600840;OriginalHitTemplateId:920937340;","3600","86400","Sat Nov 13 15:22:23 PST 2021","","","3OLF68YTNJMR3GQ0KGAGXVDARTEAFB","A1ST2C13LZRZV3","Approved","Thu Nov 11 15:39:24 PST 2021","Thu Nov 11 15:46:59 PST 2021","Fri Nov 12 15:46:59 PST 2021","Thu Nov 11 21:01:51 PST 2021","","","455","100% (1/1)","100% (1/1)","100% (1/1)","SM-31006-CC"
"34HEO7RUHFFLKMXFL958P0V5Y6HARX","3LE8W42VVGM7V7Z9P28NCY9UI59HH9","Answer a survey about your opinions","Give us your opinion about our products","survey, demographics","$0.10","Thu Nov 11 15:22:23 PST 2021","102","BatchId:4600840;OriginalHitTemplateId:920937340;","3600","86400","Sat Nov 13 15:22:23 PST 2021","","","3OS4RQUCRJ0WMQVSQUACS6XG9BXFB9","A3I0UCMF9BQ9EG","Approved","Thu Nov 11 16:24:39 PST 2021","Thu Nov 11 17:19:43 PST 2021","Fri Nov 12 17:19:43 PST 2021","Thu Nov 11 21:01:58 PST 2021","","","3304","100% (1/1)","100% (1/1)","100% (1/1)","SM-69639-CC"
"34HEO7RUHFFLKMXFL958P0V5Y6HARX","3LE8W42VVGM7V7Z9P28NCY9UI59HH9","Answer a survey about your opinions","Give us your opinion about our products","survey, demographics","$0.10","Thu Nov 11 15:22:23 PST 2021","102","BatchId:4600840;OriginalHitTemplateId:920937340;","3600","86400","Sat Nov 13 15:22:23 PST 2021","","","3OWEPKL08JXL865JB1H9V9KTSC07NU","A177DH0HQXL89M","Approved","Thu Nov 11 16:31:29 PST 2021","Thu Nov 11 17:21:38 PST 2021","Fri Nov 12 17:21:38 PST 2021","Thu Nov 11 21:01:49 PST 2021","","","3009","100% (1/1)","100% (1/1)","100% (1/1)","SM-31963-CC"
"34HEO7RUHFFLKMXFL958P0V5Y6HARX","3LE8W42VVGM7V7Z9P28NCY9UI59HH9","Answer a survey about your opinions","Give us your opinion about our products","survey, demographics","$0.10","Thu Nov 11 15:22:23 PST 2021","102","BatchId:4600840;OriginalHitTemplateId:920937340;","3600","86400","Sat Nov 13 15:22:23 PST 2021","","","3OWEPKL08JXL865JB1H9V9KTSCSN72","A3EZIJXR1OISKT","Approved","Thu Nov 11 15:24:33 PST 2021","Thu Nov 11 15:25:55 PST 2021","Fri Nov 12 15:25:55 PST 2021","Thu Nov 11 21:01:58 PST 2021","","","82","100% (1/1)","100% (1/1)","100% (1/1)","SM-17703-CC"
"34HEO7RUHFFLKMXFL958P0V5Y6HARX","3LE8W42VVGM7V7Z9P28NCY9UI59HH9","Answer a survey about your opinions","Give us your opinion about our products","survey, demographics","$0.10","Thu Nov 11 15:22:23 PST 2021","102","BatchId:4600840;OriginalHitTemplateId:920937340;","3600","86400","Sat Nov 13 15:22:23 PST 2021","","","3P1L2B7ADBA25CUXGAIWT32ZD69LOV","A2H2H1D5ZIE7FF","Approved","Thu Nov 11 16:25:15 PST 2021","Thu Nov 11 16:28:33 PST 2021","Fri Nov 12 16:28:33 PST 2021","Thu Nov 11 21:01:54 PST 2021","","","198","100% (1/1)","100% (1/1)","100% (1/1)","SM-52293-CC"
"34HEO7RUHFFLKMXFL958P0V5Y6HARX","3LE8W42VVGM7V7Z9P28NCY9UI59HH9","Answer a survey about your opinions","Give us your opinion about our products","survey, demographics","$0.10","Thu Nov 11 15:22:23 PST 2021","102","BatchId:4600840;OriginalHitTemplateId:920937340;","3600","86400","Sat Nov 13 15:22:23 PST 2021","","","3Q8GYXHFEZNNUYU9YITYHECL22KC5V","A22NJBQ26UEF1G","Approved","Thu Nov 11 15:30:03 PST 2021","Thu Nov 11 15:31:17 PST 2021","Fri Nov 12 15:31:17 PST 2021","Thu Nov 11 21:01:52 PST 2021","","","74","100% (1/1)","100% (1/1)","100% (1/1)","SM-84579-CC"
"34HEO7RUHFFLKMXFL958P0V5Y6HARX","3LE8W42VVGM7V7Z9P28NCY9UI59HH9","Answer a survey about your opinions","Give us your opinion about our products","survey, demographics","$0.10","Thu Nov 11 15:22:23 PST 2021","102","BatchId:4600840;OriginalHitTemplateId:920937340;","3600","86400","Sat Nov 13 15:22:23 PST 2021","","","3QEMNNSB27KCMUE6M736Z48ZE8QD7A","A35KK7IX32X6D1","Approved","Thu Nov 11 15:24:45 PST 2021","Thu Nov 11 15:25:38 PST 2021","Fri Nov 12 15:25:38 PST 2021","Thu Nov 11 21:01:56 PST 2021","","","53","100% (1/1)","100% (1/1)","100% (1/1)","SM-75094-CC"
"34HEO7RUHFFLKMXFL958P0V5Y6HARX","3LE8W42VVGM7V7Z9P28NCY9UI59HH9","Answer a survey about your opinions","Give us your opinion about our products","survey, demographics","$0.10","Thu Nov 11 15:22:23 PST 2021","102","BatchId:4600840;OriginalHitTemplateId:920937340;","3600","86400","Sat Nov 13 15:22:23 PST 2021","","","3QJOXOW4XTC0Z3ZTM8GFO4NA99TMEU","A3980M16RUS4KQ","Approved","Thu Nov 11 16:27:58 PST 2021","Thu Nov 11 16:29:13 PST 2021","Fri Nov 12 16:29:13 PST 2021","Thu Nov 11 21:01:57 PST 2021","","","75","100% (1/1)","100% (1/1)","100% (1/1)","SM-70679-CC"
"34HEO7RUHFFLKMXFL958P0V5Y6HARX","3LE8W42VVGM7V7Z9P28NCY9UI59HH9","Answer a survey about your opinions","Give us your opinion about our products","survey, demographics","$0.10","Thu Nov 11 15:22:23 PST 2021","102","BatchId:4600840;OriginalHitTemplateId:920937340;","3600","86400","Sat Nov 13 15:22:23 PST 2021","","","3QUO65DNQ495O2HRPOAXKQYIQXVUOR","A3VCGIVOQAQQH1","Approved","Thu Nov 11 15:39:54 PST 2021","Thu Nov 11 15:42:01 PST 2021","Fri Nov 12 15:42:01 PST 2021","Thu Nov 11 21:02:00 PST 2021","","","127","100% (1/1)","100% (1/1)","100% (1/1)","SM-27735-CC"
"34HEO7RUHFFLKMXFL958P0V5Y6HARX","3LE8W42VVGM7V7Z9P28NCY9UI59HH9","Answer a survey about your opinions","Give us your opinion about our products","survey, demographics","$0.10","Thu Nov 11 15:22:23 PST 2021","102","BatchId:4600840;OriginalHitTemplateId:920937340;","3600","86400","Sat Nov 13 15:22:23 PST 2021","","","3R3YRB5GRPOGMYNQF55FJVED1G0AUH","A2RRGXE5H8AIQE","Approved","Thu Nov 11 16:44:06 PST 2021","Thu Nov 11 16:46:25 PST 2021","Fri Nov 12 16:46:25 PST 2021","Thu Nov 11 21:01:55 PST 2021","","","139","100% (1/1)","100% (1/1)","100% (1/1)","SM-48738-CC"
"34HEO7RUHFFLKMXFL958P0V5Y6HARX","3LE8W42VVGM7V7Z9P28NCY9UI59HH9","Answer a survey about your opinions","Give us your opinion about our products","survey, demographics","$0.10","Thu Nov 11 15:22:23 PST 2021","102","BatchId:4600840;OriginalHitTemplateId:920937340;","3600","86400","Sat Nov 13 15:22:23 PST 2021","","","3RANCT1ZVP2L58SILJ5BE6YJJYFBU7","APRKPLGOH1TJ7","Approved","Thu Nov 11 15:46:05 PST 2021","Thu Nov 11 15:46:54 PST 2021","Fri Nov 12 15:46:54 PST 2021","Thu Nov 11 21:02:03 PST 2021","","","49","100% (1/1)","100% (1/1)","100% (1/1)","SM-89710-CC"
"34HEO7RUHFFLKMXFL958P0V5Y6HARX","3LE8W42VVGM7V7Z9P28NCY9UI59HH9","Answer a survey about your opinions","Give us your opinion about our products","survey, demographics","$0.10","Thu Nov 11 15:22:23 PST 2021","102","BatchId:4600840;OriginalHitTemplateId:920937340;","3600","86400","Sat Nov 13 15:22:23 PST 2021","","","3RU7GD8VPYE7UP1OFJSCUPLKF56SPQ","A1IFI7C67FQQ5O","Approved","Thu Nov 11 15:24:52 PST 2021","Thu Nov 11 15:27:38 PST 2021","Fri Nov 12 15:27:38 PST 2021","Thu Nov 11 21:01:51 PST 2021","","","166","100% (1/1)","100% (1/1)","100% (1/1)","SM-97654-CC"
"34HEO7RUHFFLKMXFL958P0V5Y6HARX","3LE8W42VVGM7V7Z9P28NCY9UI59HH9","Answer a survey about your opinions","Give us your opinion about our products","survey, demographics","$0.10","Thu Nov 11 15:22:23 PST 2021","102","BatchId:4600840;OriginalHitTemplateId:920937340;","3600","86400","Sat Nov 13 15:22:23 PST 2021","","","3SB4CE2TJ5G832HLKAG232DHVY9XAO","A1HS4WSRISC2RP","Approved","Thu Nov 11 16:39:31 PST 2021","Thu Nov 11 17:12:31 PST 2021","Fri Nov 12 17:12:31 PST 2021","Thu Nov 11 21:01:50 PST 2021","","","1980","100% (1/1)","100% (1/1)","100% (1/1)","SM-56379-CC"
"34HEO7RUHFFLKMXFL958P0V5Y6HARX","3LE8W42VVGM7V7Z9P28NCY9UI59HH9","Answer a survey about your opinions","Give us your opinion about our products","survey, demographics","$0.10","Thu Nov 11 15:22:23 PST 2021","102","BatchId:4600840;OriginalHitTemplateId:920937340;","3600","86400","Sat Nov 13 15:22:23 PST 2021","","","3TEM0PF1QFIY4JEM18IXKPYC6UKD0A","AGGG2S375TV13","Approved","Thu Nov 11 15:30:06 PST 2021","Thu Nov 11 16:13:55 PST 2021","Fri Nov 12 16:13:55 PST 2021","Thu Nov 11 21:02:02 PST 2021","","","2629","100% (1/1)","100% (1/1)","100% (1/1)","SM-46158-CC"
"34HEO7RUHFFLKMXFL958P0V5Y6HARX","3LE8W42VVGM7V7Z9P28NCY9UI59HH9","Answer a survey about your opinions","Give us your opinion about our products","survey, demographics","$0.10","Thu Nov 11 15:22:23 PST 2021","102","BatchId:4600840;OriginalHitTemplateId:920937340;","3600","86400","Sat Nov 13 15:22:23 PST 2021","","","3TK8OJTYMB6NMHIS9EXH5C5RE90PVS","A34A8A4MZ1V53Y","Approved","Thu Nov 11 15:24:32 PST 2021","Thu Nov 11 15:28:47 PST 2021","Fri Nov 12 15:28:47 PST 2021","Thu Nov 11 21:01:56 PST 2021","","","255","100% (1/1)","100% (1/1)","100% (1/1)","SM-11423-CC"
"34HEO7RUHFFLKMXFL958P0V5Y6HARX","3LE8W42VVGM7V7Z9P28NCY9UI59HH9","Answer a survey about your opinions","Give us your opinion about our products","survey, demographics","$0.10","Thu Nov 11 15:22:23 PST 2021","102","BatchId:4600840;OriginalHitTemplateId:920937340;","3600","86400","Sat Nov 13 15:22:23 PST 2021","","","3U5JL4WY5UUT1D14B96BQZRH3OEX4E","A1DCKRRPA4AWVD","Approved","Thu Nov 11 15:45:43 PST 2021","Thu Nov 11 15:47:37 PST 2021","Fri Nov 12 15:47:37 PST 2021","Thu Nov 11 21:01:50 PST 2021","","","114","100% (1/1)","100% (1/1)","100% (1/1)","SM-15898-CC"
"34HEO7RUHFFLKMXFL958P0V5Y6HARX","3LE8W42VVGM7V7Z9P28NCY9UI59HH9","Answer a survey about your opinions","Give us your opinion about our products","survey, demographics","$0.10","Thu Nov 11 15:22:23 PST 2021","102","BatchId:4600840;OriginalHitTemplateId:920937340;","3600","86400","Sat Nov 13 15:22:23 PST 2021","","","3UNH76FOC2QY58GKM9S9V7FQRLRMY2","A1R3MNDWBBDZ6L","Approved","Thu Nov 11 15:29:46 PST 2021","Thu Nov 11 15:31:07 PST 2021","Fri Nov 12 15:31:07 PST 2021","Thu Nov 11 21:01:51 PST 2021","","","81","100% (1/1)","100% (1/1)","100% (1/1)","SM-76313-CC"
"34HEO7RUHFFLKMXFL958P0V5Y6HARX","3LE8W42VVGM7V7Z9P28NCY9UI59HH9","Answer a survey about your opinions","Give us your opinion about our products","survey, demographics","$0.10","Thu Nov 11 15:22:23 PST 2021","102","BatchId:4600840;OriginalHitTemplateId:920937340;","3600","86400","Sat Nov 13 15:22:23 PST 2021","","","3VA45EW49X8PF5QTN00D9OTLF0Y1OZ","A2RQPS0FKFDE07","Approved","Thu Nov 11 15:29:06 PST 2021","Thu Nov 11 15:29:59 PST 2021","Fri Nov 12 15:29:59 PST 2021","Thu Nov 11 21:01:55 PST 2021","","","53","100% (1/1)","100% (1/1)","100% (1/1)","SM-25897-CC"
"34HEO7RUHFFLKMXFL958P0V5Y6HARX","3LE8W42VVGM7V7Z9P28NCY9UI59HH9","Answer a survey about your opinions","Give us your opinion about our products","survey, demographics","$0.10","Thu Nov 11 15:22:23 PST 2021","102","BatchId:4600840;OriginalHitTemplateId:920937340;","3600","86400","Sat Nov 13 15:22:23 PST 2021","","","3VBEN272MUK1HC8PC02P0G7SEEJSGM","A2Y7SINY11M5SH","Approved","Thu Nov 11 15:24:33 PST 2021","Thu Nov 11 15:28:15 PST 2021","Fri Nov 12 15:28:15 PST 2021","Thu Nov 11 21:01:55 PST 2021","","","222","100% (1/1)","100% (1/1)","100% (1/1)","SM-98938-CC"
"34HEO7RUHFFLKMXFL958P0V5Y6HARX","3LE8W42VVGM7V7Z9P28NCY9UI59HH9","Answer a survey about your opinions","Give us your opinion about our products","survey, demographics","$0.10","Thu Nov 11 15:22:23 PST 2021","102","BatchId:4600840;OriginalHitTemplateId:920937340;","3600","86400","Sat Nov 13 15:22:23 PST 2021","","","3VD82FOHK099280R3XPXQKCCJXPCO0","A1P8M5BKOTAA8I","Approved","Thu Nov 11 15:31:30 PST 2021","Thu Nov 11 15:38:32 PST 2021","Fri Nov 12 15:38:32 PST 2021","Thu Nov 11 21:01:51 PST 2021","","","422","100% (1/1)","100% (1/1)","100% (1/1)","SM-85977-CC"
"34HEO7RUHFFLKMXFL958P0V5Y6HARX","3LE8W42VVGM7V7Z9P28NCY9UI59HH9","Answer a survey about your opinions","Give us your opinion about our products","survey, demographics","$0.10","Thu Nov 11 15:22:23 PST 2021","102","BatchId:4600840;OriginalHitTemplateId:920937340;","3600","86400","Sat Nov 13 15:22:23 PST 2021","","","3VNXK88KKM32UU2LSP1KJM5C95K9VJ","A3PNJO5PQF54I5","Approved","Thu Nov 11 15:38:41 PST 2021","Thu Nov 11 15:43:37 PST 2021","Fri Nov 12 15:43:37 PST 2021","Thu Nov 11 21:01:59 PST 2021","","","296","100% (1/1)","100% (1/1)","100% (1/1)","SM-80734-CC"
"34HEO7RUHFFLKMXFL958P0V5Y6HARX","3LE8W42VVGM7V7Z9P28NCY9UI59HH9","Answer a survey about your opinions","Give us your opinion about our products","survey, demographics","$0.10","Thu Nov 11 15:22:23 PST 2021","102","BatchId:4600840;OriginalHitTemplateId:920937340;","3600","86400","Sat Nov 13 15:22:23 PST 2021","","","3W8CV64QJCKXCT71N0KG4LE31Q8H90","A297H7AE4GAW1P","Approved","Thu Nov 11 15:29:09 PST 2021","Thu Nov 11 15:30:39 PST 2021","Fri Nov 12 15:30:39 PST 2021","Thu Nov 11 21:01:53 PST 2021","","","90","100% (1/1)","100% (1/1)","100% (1/1)","SM-42554-CC"
"34HEO7RUHFFLKMXFL958P0V5Y6HARX","3LE8W42VVGM7V7Z9P28NCY9UI59HH9","Answer a survey about your opinions","Give us your opinion about our products","survey, demographics","$0.10","Thu Nov 11 15:22:23 PST 2021","102","BatchId:4600840;OriginalHitTemplateId:920937340;","3600","86400","Sat Nov 13 15:22:23 PST 2021","","","3WR9XG3T6DWZMYVDTW2DW0ET1VY74S","A1FQDFM7BJ8GTR","Approved","Thu Nov 11 15:30:09 PST 2021","Thu Nov 11 15:33:59 PST 2021","Fri Nov 12 15:33:59 PST 2021","Thu Nov 11 21:01:50 PST 2021","","","230","100% (1/1)","100% (1/1)","100% (1/1)","SM-94047-CC"
"34HEO7RUHFFLKMXFL958P0V5Y6HARX","3LE8W42VVGM7V7Z9P28NCY9UI59HH9","Answer a survey about your opinions","Give us your opinion about our products","survey, demographics","$0.10","Thu Nov 11 15:22:23 PST 2021","102","BatchId:4600840;OriginalHitTemplateId:920937340;","3600","86400","Sat Nov 13 15:22:23 PST 2021","","","3WSELTNVRDN1ML81F0F5EZSBI2LATI","A28FNS4TEREEU6","Approved","Thu Nov 11 15:32:31 PST 2021","Thu Nov 11 15:42:01 PST 2021","Fri Nov 12 15:42:01 PST 2021","Thu Nov 11 21:01:53 PST 2021","","","570","100% (1/1)","100% (1/1)","100% (1/1)","SM-27816-CC"
"34HEO7RUHFFLKMXFL958P0V5Y6HARX","3LE8W42VVGM7V7Z9P28NCY9UI59HH9","Answer a survey about your opinions","Give us your opinion about our products","survey, demographics","$0.10","Thu Nov 11 15:22:23 PST 2021","102","BatchId:4600840;OriginalHitTemplateId:920937340;","3600","86400","Sat Nov 13 15:22:23 PST 2021","","","3X0H8UUITB9XEYYPR567MJTG82BWSR","A3EH4S86MMHB4E","Approved","Thu Nov 11 15:44:54 PST 2021","Thu Nov 11 15:46:08 PST 2021","Fri Nov 12 15:46:08 PST 2021","Thu Nov 11 21:01:58 PST 2021","","","74","100% (1/1)","100% (1/1)","100% (1/1)","SM-54126-CC"
"34HEO7RUHFFLKMXFL958P0V5Y6HARX","3LE8W42VVGM7V7Z9P28NCY9UI59HH9","Answer a survey about your opinions","Give us your opinion about our products","survey, demographics","$0.10","Thu Nov 11 15:22:23 PST 2021","102","BatchId:4600840;OriginalHitTemplateId:920937340;","3600","86400","Sat Nov 13 15:22:23 PST 2021","","","3X31TUMD777H9KNWA8KLH7PRKVTL12","A1BDH3O29OKARK","Rejected","Thu Nov 11 15:32:48 PST 2021","Thu Nov 11 15:32:59 PST 2021","Fri Nov 12 15:32:59 PST 2021","","Thu Nov 11 21:01:28 PST 2021","Not a valid assignments","11","0% (0/1)","0% (0/1)","0% (0/1)","Did survey did not receive code"
"34HEO7RUHFFLKMXFL958P0V5Y6HARX","3LE8W42VVGM7V7Z9P28NCY9UI59HH9","Answer a survey about your opinions","Give us your opinion about our products","survey, demographics","$0.10","Thu Nov 11 15:22:23 PST 2021","102","BatchId:4600840;OriginalHitTemplateId:920937340;","3600","86400","Sat Nov 13 15:22:23 PST 2021","","","3X4MXAO0BQ9LDJYCCG62W9OKM0SRWY","A3O39S9T9LRU52","Approved","Thu Nov 11 15:45:13 PST 2021","Thu Nov 11 15:47:32 PST 2021","Fri Nov 12 15:47:32 PST 2021","Thu Nov 11 21:01:59 PST 2021","","","139","100% (1/1)","100% (1/1)","100% (1/1)","SM-66900-CC"
"34HEO7RUHFFLKMXFL958P0V5Y6HARX","3LE8W42VVGM7V7Z9P28NCY9UI59HH9","Answer a survey about your opinions","Give us your opinion about our products","survey, demographics","$0.10","Thu Nov 11 15:22:23 PST 2021","102","BatchId:4600840;OriginalHitTemplateId:920937340;","3600","86400","Sat Nov 13 15:22:23 PST 2021","","","3Y9N9SS8L8WULBDJKV0GMNWJ964D35","A2AS7EQIQADLSS","Approved","Thu Nov 11 15:24:37 PST 2021","Thu Nov 11 15:27:49 PST 2021","Fri Nov 12 15:27:49 PST 2021","Thu Nov 11 21:01:53 PST 2021","","","192","100% (1/1)","100% (1/1)","100% (1/1)","SM-56647-CC"
"34HEO7RUHFFLKMXFL958P0V5Y6HARX","3LE8W42VVGM7V7Z9P28NCY9UI59HH9","Answer a survey about your opinions","Give us your opinion about our products","survey, demographics","$0.10","Thu Nov 11 15:22:23 PST 2021","102","BatchId:4600840;OriginalHitTemplateId:920937340;","3600","86400","Sat Nov 13 15:22:23 PST 2021","","","3YGXWBAF7A25YFQ9KDAOCM6726RC4S","A2MPRX36FXW695","Approved","Thu Nov 11 15:46:30 PST 2021","Thu Nov 11 16:23:08 PST 2021","Fri Nov 12 16:23:08 PST 2021","Thu Nov 11 21:01:54 PST 2021","","","2198","100% (1/1)","100% (1/1)","100% (1/1)","SM-12807-CC"
"34HEO7RUHFFLKMXFL958P0V5Y6HARX","3LE8W42VVGM7V7Z9P28NCY9UI59HH9","Answer a survey about your opinions","Give us your opinion about our products","survey, demographics","$0.10","Thu Nov 11 15:22:23 PST 2021","102","BatchId:4600840;OriginalHitTemplateId:920937340;","3600","86400","Sat Nov 13 15:22:23 PST 2021","","","3YT88D1N0IJ2ZHJTCCM3Q0R9TF8K3W","A3U7RDVJNFHHLZ","Approved","Thu Nov 11 16:28:01 PST 2021","Thu Nov 11 16:54:12 PST 2021","Fri Nov 12 16:54:12 PST 2021","Thu Nov 11 21:02:00 PST 2021","","","1571","100% (1/1)","100% (1/1)","100% (1/1)","SM-72727-CC"
"34HEO7RUHFFLKMXFL958P0V5Y6HARX","3LE8W42VVGM7V7Z9P28NCY9UI59HH9","Answer a survey about your opinions","Give us your opinion about our products","survey, demographics","$0.10","Thu Nov 11 15:22:23 PST 2021","102","BatchId:4600840;OriginalHitTemplateId:920937340;","3600","86400","Sat Nov 13 15:22:23 PST 2021","","","3Z7EFSHGNJZWWHEJ4OCT9X35V1TCX4","A66YRRA681560","Approved","Thu Nov 11 15:36:16 PST 2021","Thu Nov 11 15:42:18 PST 2021","Fri Nov 12 15:42:18 PST 2021","Thu Nov 11 21:02:01 PST 2021","","","362","100% (1/1)","100% (1/1)","100% (1/1)","SM-35023-CC"
"34HEO7RUHFFLKMXFL958P0V5Y6HARX","3LE8W42VVGM7V7Z9P28NCY9UI59HH9","Answer a survey about your opinions","Give us your opinion about our products","survey, demographics","$0.10","Thu Nov 11 15:22:23 PST 2021","102","BatchId:4600840;OriginalHitTemplateId:920937340;","3600","86400","Sat Nov 13 15:22:23 PST 2021","","","3Z7EFSHGNJZWWHEJ4OCT9X35V1UCX5","A1TK5J14ONTEUO","Approved","Thu Nov 11 16:17:15 PST 2021","Thu Nov 11 16:43:57 PST 2021","Fri Nov 12 16:43:57 PST 2021","Thu Nov 11 21:01:51 PST 2021","","","1602","100% (1/1)","100% (1/1)","100% (1/1)","SM-13718-CC"
"34HEO7RUHFFLKMXFL958P0V5Y6HARX","3LE8W42VVGM7V7Z9P28NCY9UI59HH9","Answer a survey about your opinions","Give us your opinion about our products","survey, demographics","$0.10","Thu Nov 11 15:22:23 PST 2021","102","BatchId:4600840;OriginalHitTemplateId:920937340;","3600","86400","Sat Nov 13 15:22:23 PST 2021","","","3ZAK8W07IEZKLLP8N38MUP20SUG0U8","AR696BZK0K67Z","Approved","Thu Nov 11 15:30:48 PST 2021","Thu Nov 11 15:34:30 PST 2021","Fri Nov 12 15:34:30 PST 2021","Thu Nov 11 21:02:03 PST 2021","","","222","100% (1/1)","100% (1/1)","100% (1/1)","SM-50390-CC"
"34HEO7RUHFFLKMXFL958P0V5Y6HARX","3LE8W42VVGM7V7Z9P28NCY9UI59HH9","Answer a survey about your opinions","Give us your opinion about our products","survey, demographics","$0.10","Thu Nov 11 15:22:23 PST 2021","102","BatchId:4600840;OriginalHitTemplateId:920937340;","3600","86400","Sat Nov 13 15:22:23 PST 2021","","","3ZAK8W07IEZKLLP8N38MUP20SUGU02","A3GZXU4FUJTKZD","Approved","Thu Nov 11 15:37:53 PST 2021","Thu Nov 11 15:40:12 PST 2021","Fri Nov 12 15:40:12 PST 2021","Thu Nov 11 21:01:58 PST 2021","","","139","100% (1/1)","100% (1/1)","100% (1/1)","SM-15054-CC"
"34HEO7RUHFFLKMXFL958P0V5Y6HARX","3LE8W42VVGM7V7Z9P28NCY9UI59HH9","Answer a survey about your opinions","Give us your opinion about our products","survey, demographics","$0.10","Thu Nov 11 15:22:23 PST 2021","102","BatchId:4600840;OriginalHitTemplateId:920937340;","3600","86400","Sat Nov 13 15:22:23 PST 2021","","","3ZGVPD4G6322NTG9RSV4VSJKRNSTZ2","A1BKU2LSP7EINK","Approved","Thu Nov 11 15:37:43 PST 2021","Thu Nov 11 15:38:40 PST 2021","Fri Nov 12 15:38:40 PST 2021","Thu Nov 11 21:01:49 PST 2021","","","57","100% (1/1)","100% (1/1)","100% (1/1)","SM-64255-CC"
"34HEO7RUHFFLKMXFL958P0V5Y6HARX","3LE8W42VVGM7V7Z9P28NCY9UI59HH9","Answer a survey about your opinions","Give us your opinion about our products","survey, demographics","$0.10","Thu Nov 11 15:22:23 PST 2021","102","BatchId:4600840;OriginalHitTemplateId:920937340;","3600","86400","Sat Nov 13 15:22:23 PST 2021","","","3ZR9AIQJULUL4NVT8XH4HL46THZ04S","AE8D0PCK5UZI0","Approved","Thu Nov 11 16:31:20 PST 2021","Thu Nov 11 16:34:02 PST 2021","Fri Nov 12 16:34:02 PST 2021","Thu Nov 11 21:02:02 PST 2021","","","162","100% (1/1)","100% (1/1)","100% (1/1)","SM-25915-CC"
"34HEO7RUHFFLKMXFL958P0V5Y6HARX","3LE8W42VVGM7V7Z9P28NCY9UI59HH9","Answer a survey about your opinions","Give us your opinion about our products","survey, demographics","$0.10","Thu Nov 11 15:22:23 PST 2021","102","BatchId:4600840;OriginalHitTemplateId:920937340;","3600","86400","Sat Nov 13 15:22:23 PST 2021","","","3ZSANO2JCPSV3CCU1GW7IV7GDZJFSA","AT13O9Y4E9RUV","Approved","Thu Nov 11 15:25:10 PST 2021","Thu Nov 11 15:26:04 PST 2021","Fri Nov 12 15:26:04 PST 2021","Thu Nov 11 21:02:03 PST 2021","","","54","100% (1/1)","100% (1/1)","100% (1/1)","SM-85048-CC"